{"cameraMode":{"drawMode":0,"name":"Shaded","section":"Shading Mode"},"sceneLighting":false,"audioPlay":false,"sceneViewState":{"m_AlwaysRefresh":false,"showFog":true,"showSkybox":false,"showFlares":true,"showImageEffects":true,"showParticleSystems":true,"showVisualEffectGraphs":true,"m_FxEnabled":false},"in2DMode":false,"pivot":{"x":39.74034118652344,"y":1.7014834880828858,"z":-13.902453422546387},"rotation":{"x":0.18711979687213899,"y":0.12925122678279878,"z":-0.02484319545328617,"w":0.9734871983528137},"size":2.1094272136688234,"orthographic":false}