{"cameraMode":{"drawMode":0,"name":"Shaded","section":"Shading Mode"},"sceneLighting":true,"audioPlay":false,"sceneViewState":{"m_AlwaysRefresh":false,"showFog":true,"showSkybox":true,"showFlares":true,"showImageEffects":true,"showParticleSystems":true,"showVisualEffectGraphs":true,"m_FxEnabled":false},"in2DMode":false,"pivot":{"x":442.9961853027344,"y":258.3956298828125,"z":66.9473876953125},"rotation":{"x":-0.0497891902923584,"y":0.0005966056487523019,"z":-0.000029749156965408474,"w":-0.9987624883651733},"size":264.2712097167969,"orthographic":false}