{"cameraMode":{"drawMode":0,"name":"Shaded","section":"Shading Mode"},"sceneLighting":true,"audioPlay":false,"sceneViewState":{"m_AlwaysRefresh":false,"showFog":true,"showSkybox":true,"showFlares":true,"showImageEffects":true,"showParticleSystems":true,"showVisualEffectGraphs":true,"m_FxEnabled":false},"in2DMode":false,"pivot":{"x":260.98486328125,"y":229.39273071289063,"z":35.994476318359378},"rotation":{"x":-0.010013239458203316,"y":0.1852283924818039,"z":0.0018913144012913108,"w":0.9826703667640686},"size":227.64414978027345,"orthographic":false}