{"cameraMode":{"drawMode":0,"name":"Shaded","section":"Shading Mode"},"sceneLighting":true,"audioPlay":false,"sceneViewState":{"m_AlwaysRefresh":false,"showFog":true,"showSkybox":true,"showFlares":true,"showImageEffects":true,"showParticleSystems":true,"showVisualEffectGraphs":true,"m_FxEnabled":false},"in2DMode":false,"pivot":{"x":24.900514602661134,"y":-5.065243721008301,"z":-14.305741310119629},"rotation":{"x":-0.4024752676486969,"y":-0.018675118684768678,"z":0.008213476277887822,"w":-0.9152090549468994},"size":18.545616149902345,"orthographic":false}