{"cameraMode":{"drawMode":0,"name":"Shaded","section":"Shading Mode"},"sceneLighting":true,"audioPlay":false,"sceneViewState":{"m_AlwaysRefresh":false,"showFog":true,"showSkybox":true,"showFlares":true,"showImageEffects":true,"showParticleSystems":true,"showVisualEffectGraphs":true,"m_FxEnabled":false},"in2DMode":false,"pivot":{"x":16.242584228515626,"y":2.6941709518432619,"z":-25.796173095703126},"rotation":{"x":-0.18615615367889405,"y":0.8077602982521057,"z":-0.33658313751220705,"w":-0.4467495083808899},"size":10.01481819152832,"orthographic":false}