{"cameraMode":{"drawMode":0,"name":"Shaded","section":"Shading Mode"},"sceneLighting":true,"audioPlay":false,"sceneViewState":{"m_AlwaysRefresh":false,"showFog":true,"showSkybox":true,"showFlares":true,"showImageEffects":true,"showParticleSystems":true,"showVisualEffectGraphs":true,"m_FxEnabled":false},"in2DMode":false,"pivot":{"x":72.13787841796875,"y":-38.303680419921878,"z":4.198127746582031},"rotation":{"x":0.4832088053226471,"y":0.004208660218864679,"z":-0.0023270784877240659,"w":0.8755185008049011},"size":51.663909912109378,"orthographic":false}