{"cameraMode":{"drawMode":0,"name":"Shaded","section":"Shading Mode"},"sceneLighting":true,"audioPlay":false,"sceneViewState":{"m_AlwaysRefresh":false,"showFog":true,"showSkybox":true,"showFlares":true,"showImageEffects":true,"showParticleSystems":true,"showVisualEffectGraphs":true,"m_FxEnabled":false},"in2DMode":false,"pivot":{"x":49.29766082763672,"y":36.5457763671875,"z":-34.50904083251953},"rotation":{"x":-0.7024329900741577,"y":0.00042521944851614535,"z":-0.00041965136188082397,"w":-0.7117499709129334},"size":10.876069068908692,"orthographic":false}