{"cameraMode":{"drawMode":0,"name":"Shaded","section":"Shading Mode"},"sceneLighting":true,"audioPlay":false,"sceneViewState":{"m_AlwaysRefresh":false,"showFog":true,"showSkybox":true,"showFlares":true,"showImageEffects":true,"showParticleSystems":true,"showVisualEffectGraphs":true,"m_FxEnabled":false},"in2DMode":false,"pivot":{"x":383.3695373535156,"y":175.6112518310547,"z":62.70892333984375},"rotation":{"x":-0.027306267991662027,"y":0.0020965675357729198,"z":-0.00005728393807657994,"w":-0.9996277689933777},"size":264.2712097167969,"orthographic":false}