{"cameraMode":{"drawMode":0,"name":"Shaded","section":"Shading Mode"},"sceneLighting":true,"audioPlay":false,"sceneViewState":{"m_AlwaysRefresh":false,"showFog":true,"showSkybox":true,"showFlares":true,"showImageEffects":true,"showParticleSystems":true,"showVisualEffectGraphs":true,"m_FxEnabled":false},"in2DMode":false,"pivot":{"x":29.108749389648439,"y":-5.6392364501953129,"z":-26.669628143310548},"rotation":{"x":-0.3242526054382324,"y":-0.022136615589261056,"z":0.007588221691548824,"w":-0.9456992745399475},"size":40.129329681396487,"orthographic":false}