{"cameraMode":{"drawMode":0,"name":"Shaded","section":"Shading Mode"},"sceneLighting":false,"audioPlay":false,"sceneViewState":{"m_AlwaysRefresh":false,"showFog":true,"showSkybox":false,"showFlares":true,"showImageEffects":true,"showParticleSystems":true,"showVisualEffectGraphs":true,"m_FxEnabled":false},"in2DMode":false,"pivot":{"x":0.0005552787333726883,"y":-0.00001737498678267002,"z":-0.0008632171666249633},"rotation":{"x":-0.4713101089000702,"y":-0.3477204740047455,"z":0.20929072797298432,"w":-0.783050000667572},"size":0.0006173205329105258,"orthographic":false}